{"stats":{"minecraft:used":{"minecraft:stone_bricks":19,"minecraft:glowstone":9,"minecraft:quartz_pillar":1,"minecraft:emerald_block":10,"minecraft:lantern":9,"minecraft:oak_planks":1,"minecraft:oak_sign":13,"minecraft:quartz_block":2,"minecraft:white_bed":1,"minecraft:polished_granite":73,"minecraft:black_concrete_powder":4,"minecraft:quartz_stairs":32,"minecraft:polished_diorite":13},"minecraft:picked_up":{"minecraft:oak_sign":2,"minecraft:lantern":1},"minecraft:custom":{"minecraft:time_since_rest":110803,"minecraft:crouch_one_cm":4287,"minecraft:play_one_minute":140633,"minecraft:sprint_one_cm":25288,"minecraft:deaths":2,"minecraft:walk_one_cm":57670,"minecraft:sneak_time":3968,"minecraft:walk_under_water_one_cm":7659,"minecraft:jump":139,"minecraft:leave_game":23,"minecraft:walk_on_water_one_cm":3252,"minecraft:time_since_death":110776,"minecraft:climb_one_cm":554,"minecraft:swim_one_cm":5234,"minecraft:fly_one_cm":1471302},"minecraft:mined":{"minecraft:white_bed":1}},"DataVersion":2586}