{"stats":{"minecraft:killed":{"minecraft:sheep":4,"minecraft:mooshroom":1,"minecraft:llama":1},"minecraft:used":{"minecraft:birch_fence":2,"minecraft:oak_log":36,"minecraft:diamond_sword":14,"minecraft:damaged_anvil":1,"minecraft:potion":2,"minecraft:diamond_shovel":137,"minecraft:grass_block":186,"minecraft:map":67,"minecraft:oak_sign":28,"minecraft:smooth_stone_slab":1,"minecraft:item_frame":35},"minecraft:dropped":{"minecraft:mutton":2,"minecraft:white_wool":1},"minecraft:picked_up":{"minecraft:item_frame":2,"minecraft:leather":1,"minecraft:filled_map":1,"minecraft:beef":2,"minecraft:emerald":1,"minecraft:mutton":9,"minecraft:white_wool":6},"minecraft:custom":{"minecraft:time_since_rest":262572,"minecraft:open_chest":5,"minecraft:open_shulker_box":3,"minecraft:play_one_minute":262572,"minecraft:crouch_one_cm":5473,"minecraft:interact_with_furnace":1,"minecraft:sprint_one_cm":56301,"minecraft:walk_one_cm":162237,"minecraft:sneak_time":11664,"minecraft:walk_under_water_one_cm":228142,"minecraft:mob_kills":6,"minecraft:interact_with_anvil":1,"minecraft:drop":3,"minecraft:jump":262,"minecraft:interact_with_brewingstand":1,"minecraft:damage_dealt":690,"minecraft:leave_game":22,"minecraft:time_since_death":262572,"minecraft:walk_on_water_one_cm":3088,"minecraft:climb_one_cm":7761,"minecraft:swim_one_cm":21067,"minecraft:fly_one_cm":6145539}},"DataVersion":2586}