{"stats":{"minecraft:dropped":{"minecraft:filled_map":19,"minecraft:map":1},"minecraft:used":{"minecraft:oak_log":49,"minecraft:item_frame":48,"minecraft:map":38,"minecraft:torch":13},"minecraft:custom":{"minecraft:time_since_rest":41635,"minecraft:play_one_minute":41635,"minecraft:crouch_one_cm":548,"minecraft:leave_game":3,"minecraft:sprint_one_cm":13479,"minecraft:time_since_death":41635,"minecraft:walk_on_water_one_cm":270,"minecraft:walk_one_cm":25846,"minecraft:sneak_time":905,"minecraft:walk_under_water_one_cm":620,"minecraft:drop":20,"minecraft:fly_one_cm":1831694,"minecraft:jump":44},"minecraft:picked_up":{"minecraft:filled_map":1}},"DataVersion":2230}